﻿<?xml version="1.0" encoding="utf-8"?>
<Piecemaker>
  <Settings>
    <imageWidth>960</imageWidth>
    <imageHeight>360</imageHeight>
    <segments>7</segments>
    <tweenTime>1.2</tweenTime>
    <tweenDelay>0.1</tweenDelay>
    <tweenType>easeInOutBack</tweenType>
    <zDistance>0</zDistance>
    <expand>20</expand>
    <innerColor>0x111111</innerColor>
    <textBackground>0x0064C8</textBackground>
    <shadowDarkness>100</shadowDarkness>
    <textDistance>25</textDistance>
    <autoplay>12</autoplay>
  </Settings>
  <Image Filename="images/slideshow/slide-01.jpg">
    <Text>
      <headline>Description Text</headline>
      <break>Ӂ</break>
      <paragraph>Here you can add a description text for every single image.</paragraph>
      <break>Ӂ</break>
      <inline>This is HTML text loaded from the external XML file and formatted with an external CSS file. So it's pretty simple to set this text. You can also easily add</inline>
      <a href="http://www.modularweb.net/piecemaker" target="_blank">Ӂhyperlinks</a>
      <paragraph>. This one leads you to the official Piecemaker website, by the way.</paragraph>
    </Text>
  </Image>
  <Image Filename="images/slideshow/slide-02.jpg">
    <Text>
      <headline>Description Text</headline>
      <break>Ӂ</break>
      <paragraph>Here you can add a description text for every single image.</paragraph>
      <break>Ӂ</break>
      <inline>This is HTML text loaded from the external XML file and formatted with an external CSS file. So it's pretty simple to set this text. You can also easily add</inline>
      <a href="http://www.modularweb.net/piecemaker" target="_blank">Ӂhyperlinks</a>
      <paragraph>. This one leads you to the official Piecemaker website, by the way.</paragraph>
    </Text>
  </Image>
  <Image Filename="images/slideshow/slide-03.jpg">
    <Text>
      <headline>Description Text</headline>
      <break>Ӂ</break>
      <paragraph>Here you can add a description text for every single image.</paragraph>
      <break>Ӂ</break>
      <inline>This is HTML text loaded from the external XML file and formatted with an external CSS file. So it's pretty simple to set this text. You can also easily add</inline>
      <a href="http://www.modularweb.net/piecemaker" target="_blank">Ӂhyperlinks</a>
      <paragraph>. This one leads you to the official Piecemaker website, by the way.</paragraph>
    </Text>
  </Image>
  <Image Filename="image4.jpg">
    <Text>
      <headline>Description Text</headline>
      <break>Ӂ</break>
      <paragraph>Here you can add a description text for every single image.</paragraph>
      <break>Ӂ</break>
      <inline>This is HTML text loaded from the external XML file and formatted with an external CSS file. So it's pretty simple to set this text. You can also easily add</inline>
      <a href="http://www.modularweb.net/piecemaker" target="_blank">Ӂhyperlinks</a>
      <paragraph>. This one leads you to the official Piecemaker website, by the way.</paragraph>
    </Text>
  </Image>
  <Image Filename="images/slideshow/slide-04.jpg">
    <Text>
      <headline>Description Text</headline>
      <break>Ӂ</break>
      <paragraph>Here you can add a description text for every single image.</paragraph>
      <break>Ӂ</break>
      <inline>This is HTML text loaded from the external XML file and formatted with an external CSS file. So it's pretty simple to set this text. You can also easily add</inline>
      <a href="http://www.modularweb.net/piecemaker" target="_blank">Ӂhyperlinks</a>
      <paragraph>. This one leads you to the official Piecemaker website, by the way.</paragraph>
    </Text>
  </Image>
</Piecemaker>